"Estimate"	"Std. Error"	"t value"	"Pr(>|t|)"
"(Intercept)"	0.089036015136389	0.000853224694422191	104.35236546533	0
"consumers$prop_Basal"	0.0829337862079276	0.00329485350922111	25.1707051545162	9.17394860406112e-140
"consumers$Connectance"	0.0776040760924607	0.00649183133136824	11.9541115798067	6.20765869081137e-33
"consumers$prop_Basal:consumers$Connectance"	-0.355849004583848	0.0431077378906476	-8.2548753888812	1.52222822285242e-16
