"Estimate"	"Std. Error"	"t value"	"Pr(>|t|)"
"(Intercept)"	0.035613561107662	0.000302377649296038	117.778417785089	0
"consumers$prop_Basal"	-0.103839322888902	0.00116767607103516	-88.9281928992921	0
"consumers$Connectance"	0.203139721554972	0.0023006655930591	88.2960662200653	0
"consumers$prop_Basal:consumers$Connectance"	0.93666474882804	0.0152771204760676	61.3116032105248	0
