"Estimate"	"Std. Error"	"t value"	"Pr(>|t|)"
"(Intercept)"	0.0895778845114563	0.00034505167877034	259.60715458822	0
"consumers$in_Degree"	-0.00255931848812336	3.43189646251181e-05	-74.5744668022469	0
"consumers$STL"	-0.0185295931955889	0.000145748570664134	-127.133961665317	0
"consumers$in_Degree:consumers$STL"	0.00158643123310818	1.64713845805404e-05	96.3143823976049	0
